Deciles,actual_pred,Total_spend
9,856.4157092635617,918.5644779369632
8,614.2201180511622,696.3211656160465
7,530.6943765173277,614.2851259259264
6,460.5473425851349,526.671529885057
5,409.25529533189285,473.30045584045564
4,361.8728738615594,430.0979977272728
3,329.1457178530774,370.6177757225432
2,304.61610300716524,347.7329519999998
1,279.36286030007795,319.5753830508474
0,237.11061781783764,269.7018777142857
