Deciles,actual_pred,Total_spend
9,817.6974573708219,866.3906845637584
8,607.5051944274222,692.0489653333333
7,518.4990981582193,546.0615549668875
6,453.99273171941053,515.7506826666671
5,408.0900764004252,480.5092680272112
4,363.43592778356356,416.65895424836594
3,330.6044155428957,399.1314
2,306.4858061955101,350.51907034482747
1,285.60651284876764,332.49741935483866
0,240.1089764642601,269.0918373333333
