Deciles,pred,ln_Y
9,6.736726414,6.718142993
8,6.418674669,6.410799783
7,6.272954616,6.291315648
6,6.131499713,6.139638318
5,6.013506772,6.020923336
4,5.890847699,5.934817891
3,5.796234885,5.788901113
2,5.718704862,5.716867196
1,5.631873108,5.629840003
0,5.46604739,5.425409272
