Deciles,pred,ln_Y
9,6.694072367987218,6.660490344099787
8,6.407976337372358,6.420376292893207
7,6.249883328451957,6.186702247298526
6,6.1173067661555285,6.105822161570034
5,6.010882639780104,6.048183160701172
4,5.895028765251942,5.920591083950595
3,5.800641096054894,5.849479993362649
2,5.7248453067090175,5.7243199209430236
1,5.654284592589195,5.668619570754985
0,5.477887851431224,5.414091271587373
