,final Feature,VIF
9,inccat,26.052109623633942
0,ln_Y,22.659861267614005
13,owndvd_1,12.14710015930313
11,income,11.043761749911345
2,card2_3,2.5847371360008244
3,card2_4,2.5575783244814136
1,card2_2,2.4977684153092072
7,card_4,2.4527942770890343
5,card_2,2.2635414180746554
6,card_3,2.2047627168776645
4,card2_5,1.4561210573398562
12,retire_1,1.3075073374019839
8,card_5,1.2505360724740822
10,reason_2,1.0993721427035104
